Recipientgender,Stemcellsource,Donorage,Donorage35,IIIV,Gendermatch,DonorABO,RecipientABO,RecipientRh,ABOmatch,CMVstatus,DonorCMV,RecipientCMV,Disease,Riskgroup,Txpostrelapse,Diseasegroup,HLAmatch,HLAmismatch,Antigen,Alel,Recipientage,Recipientage10,Relapse,aGvHDIIIIV,extcGvHD,CD34kgx10d6,CD3dCD34,CD3dkgx10d8,Rbodymass,ANCrecovery,PLTrecovery,survival_time,survival_status
1,1,22.830137,0,1,0,1,1,1,0,3,1,1,ALL,1,0,1,0,0,-1,-1,9.6,0,0,0,1,7.2,1.33876,5.38,35.0,19.0,51.0,999.0,0.0
1,0,23.342466,0,1,0,-1,-1,1,0,0,0,0,ALL,0,0,1,0,0,-1,-1,4.0,0,1,1,1,4.5,11.078295,0.41,20.6,16.0,37.0,163.0,1.0
1,0,26.394522,0,1,0,-1,-1,1,0,2,0,1,ALL,0,0,1,0,0,-1,-1,6.6,0,1,1,1,7.94,19.01323,0.42,23.4,23.0,20.0,435.0,1.0
0,0,39.684933,1,1,0,1,2,1,1,1,1,0,AML,0,0,1,0,0,-1,-1,18.1,1,0,0,?,4.25,29.481647,0.14,50.0,23.0,29.0,53.0,1.0
0,1,33.358906,0,0,0,1,2,0,1,0,0,1,chronic,1,0,1,1,0,1,0,1.3,0,0,1,1,51.85,3.972255,13.05,9.0,14.0,14.0,2043.0,0.0
1,0,27.39178,0,0,0,2,0,1,1,?,?,1,chronic,1,1,1,0,0,-1,-1,8.9,0,0,1,1,3.27,8.412758,0.39,40.0,16.0,70.0,2800.0,0.0
0,1,34.52055,0,1,0,0,1,0,1,?,0,?,AML,0,0,1,0,0,-1,-1,14.4,1,0,0,?,17.78,2.406248,7.39,51.0,17.0,29.0,41.0,1.0
1,0,21.435616,0,1,0,0,1,1,1,1,1,0,nonmalignant,0,0,0,3,1,1,2,18.2,1,0,0,?,6.41,2.7344615,4.325,56.0,22.0,58.0,45.0,1.0
1,1,32.641094,0,0,0,2,0,1,1,2,0,1,nonmalignant,0,0,0,0,0,-1,-1,7.9,0,0,1,1,23.54,3.772555,6.24,20.5,15.0,14.0,671.0,0.0
1,1,28.783562,0,1,1,1,0,1,1,2,0,1,nonmalignant,0,0,0,1,0,0,1,4.7,0,0,1,1,7.69,1.035244,7.43,16.5,16.0,17.0,676.0,0.0
0,1,29.731506,0,0,0,0,-1,1,1,1,1,0,chronic,1,0,1,1,0,0,1,1.9,0,0,1,0,17.66,11.883664,1.49,10.5,12.0,13.0,599.0,0.0
0,1,36.8,1,1,0,1,1,1,0,0,0,0,chronic,1,0,1,2,1,1,1,13.4,1,0,1,0,14.46,2.242442,6.45,47.0,11.0,16.0,2503.0,0.0
1,1,40.863014,1,0,0,0,1,1,1,1,1,0,ALL,0,0,1,0,0,-1,-1,5.1,0,0,1,1,15.42,2.734654,5.64,18.1,14.0,37.0,964.0,0.0
1,0,30.60274,0,1,0,0,1,1,1,0,0,1,lymphoma,1,0,1,0,0,-1,-1,11.5,1,1,1,1,3.14,3.713956,0.85,42.0,20.0,48.0,335.0,1.0
1,1,30.676712,0,1,0,1,1,1,0,0,0,0,AML,1,0,1,0,0,-1,-1,17.8,1,0,1,1,8.03,2.26309,3.55,55.0,16.0,16.0,1432.0,0.0
1,0,41.164383,1,0,0,0,-1,1,1,3,1,1,chronic,1,0,1,1,0,1,0,13.5,1,0,1,1,4.79,12.028841,0.4,30.0,17.0,19.0,3288.0,0.0
1,1,40.232876,1,1,0,2,0,1,1,1,1,0,chronic,0,0,1,1,0,0,1,17.9,1,0,1,?,5.45,1.595133,3.42,97.8,11.0,16.0,58.0,1.0
0,1,40.82192,1,1,0,2,0,1,1,1,1,0,chronic,0,0,1,0,0,-1,-1,4.7,0,0,1,1,20.72,3.676416,5.64,20.5,13.0,23.0,1615.0,0.0
0,1,43.375343,1,1,0,0,1,1,1,?,0,?,ALL,0,0,1,0,0,-1,-1,0.6,0,0,1,1,22.97,1.408646,16.31,6.0,24.0,74.0,704.0,0.0
1,1,31.745205,0,0,0,1,0,1,1,3,1,1,ALL,0,0,1,0,0,-1,-1,17.7,1,0,1,1,8.84,1.711795,5.16,64.0,17.0,25.0,884.0,0.0
1,1,43.578083,1,0,1,0,1,1,1,3,1,1,ALL,1,1,1,1,0,1,0,14.7,1,0,1,1,0.82,0.36872,2.22,62.0,26.0,30.0,115.0,1.0
1,1,42.38082,1,1,0,-1,2,1,1,2,0,1,nonmalignant,0,0,0,1,0,0,1,9.7,0,0,1,0,6.34,1.231287,5.15,43.2,15.0,18.0,330.0,1.0
0,1,31.545204,0,1,0,1,1,1,0,3,1,1,chronic,0,0,1,0,0,-1,-1,13.9,1,0,1,1,27.0,3.81488,7.08,31.0,18.0,14.0,2231.0,0.0
1,1,24.780823,0,0,0,1,-1,1,1,3,1,1,nonmalignant,0,0,0,1,0,1,0,10.9,1,0,1,1,20.45,5.781319,3.54,39.3,11.0,13.0,149.0,1.0
0,0,30.50411,0,1,0,-1,-1,1,0,0,0,0,ALL,0,0,1,0,0,-1,-1,6.7,0,0,0,0,2.87,13.890231,0.21,23.8,18.0,27.0,2105.0,0.0
1,1,20.605478,0,0,1,2,0,1,1,0,0,0,nonmalignant,0,0,0,0,0,-1,-1,8.5,0,0,1,1,12.95,1.672532,7.74,26.8,13.0,11.0,914.0,0.0
1,0,40.969864,1,1,1,-1,-1,1,0,0,0,0,nonmalignant,1,1,0,0,0,-1,-1,0.7,0,0,1,1,5.91,1.788507,3.3,6.4,16.0,88.0,1522.0,0.0
1,1,39.983562,1,1,0,1,-1,1,1,?,0,?,ALL,0,0,1,3,1,1,2,4.7,0,0,0,?,11.27,3.242425,3.48,17.0,16.0,1000000.0,35.0,1.0
1,1,33.052055,0,1,0,1,0,1,1,2,0,1,chronic,1,0,1,0,0,-1,-1,2.8,0,0,0,1,23.21,2.001808,11.59,14.3,14.0,14.0,1041.0,0.0
0,1,39.172604,1,1,0,1,1,1,0,3,1,1,ALL,0,0,1,0,0,-1,-1,8.4,0,1,1,1,5.86,1.849607,3.17,38.3,15.0,23.0,576.0,1.0
0,1,24.731506,0,1,0,1,-1,1,1,?,0,?,ALL,0,0,1,1,0,1,0,8.6,0,0,1,1,9.78,2.380569,4.11,20.0,14.0,18.0,676.0,0.0
1,1,24.353424,0,0,0,1,1,1,0,1,1,0,ALL,0,0,1,0,0,-1,-1,4.6,0,0,1,1,9.81,1.687395,5.81,23.0,14.0,19.0,531.0,0.0
1,0,39.02466,1,1,1,0,-1,1,1,2,0,1,ALL,0,0,1,1,0,0,1,3.1,0,0,0,?,6.45,16.18624,0.4,15.0,13.0,23.0,96.0,1.0
1,1,23.446575,0,0,0,-1,0,1,1,2,1,1,nonmalignant,0,0,0,0,0,-1,-1,10.9,1,0,1,1,12.58,3.49847,3.6,49.6,17.0,16.0,1084.0,0.0
1,1,39.38082,1,1,0,1,1,1,0,3,1,1,chronic,1,0,1,1,0,1,0,1.7,0,0,0,1,5.37,2.778202,1.93,10.0,17.0,66.0,2293.0,0.0
0,1,20.961643,0,0,0,1,1,0,0,1,1,0,AML,1,1,1,0,0,-1,-1,1.6,0,0,1,0,9.97,1.841206,5.41,11.25,13.0,112.0,321.0,1.0
1,1,49.860275,1,0,0,0,-1,1,1,3,1,1,nonmalignant,0,0,0,0,0,-1,-1,16.6,1,0,1,1,15.28,8.784289,1.74,63.0,18.0,24.0,111.0,1.0
0,1,43.517807,1,0,0,0,-1,1,1,2,0,1,chronic,1,0,1,1,0,1,0,2.2,0,1,1,1,22.02,2.733138,8.06,10.5,16.0,16.0,149.0,1.0
0,1,40.536987,1,1,0,0,0,1,0,2,0,1,AML,0,0,1,0,0,-1,-1,2.1,0,0,1,1,19.59,5.837647,3.36,15.0,12.0,11.0,1690.0,0.0
0,1,21.4,0,0,0,1,0,1,1,1,1,0,AML,0,0,1,0,0,-1,-1,13.3,1,0,1,1,8.73,2.215047,3.94,43.5,12.0,15.0,452.0,0.0
1,1,34.27397,0,1,1,0,0,1,0,1,1,0,ALL,0,0,1,1,0,1,0,13.8,1,0,1,1,5.81,0.692898,8.39,48.0,15.0,285.0,1376.0,0.0
1,0,20.471233,0,1,0,1,-1,1,1,0,0,0,ALL,0,0,1,0,0,-1,-1,3.1,0,0,1,?,2.29,2.335954,0.98,15.0,17.0,1000000.0,28.0,1.0
1,1,44.38082,1,0,0,0,1,1,1,0,0,0,AML,0,0,1,0,0,-1,-1,4.1,0,0,1,1,31.57,4.824785,6.54,15.3,12.0,72.0,2118.0,0.0
1,0,20.358904,0,0,0,0,-1,1,1,?,1,?,nonmalignant,0,0,0,0,0,-1,-1,9.9,0,0,1,?,5.33,0.927108,5.75,29.0,15.0,1000000.0,60.0,1.0
1,1,31.526028,0,0,1,0,1,0,1,0,0,0,AML,0,0,1,0,0,-1,-1,11.4,1,0,1,1,12.94,7.060927,1.83,41.4,12.0,13.0,1327.0,0.0
0,1,38.761642,1,1,0,0,0,1,0,0,0,0,ALL,0,0,1,0,0,-1,-1,13.4,1,0,1,1,10.3,6.022997,1.71,76.0,12.0,14.0,150.0,1.0
1,0,28.80548,0,1,1,0,1,1,1,2,0,1,chronic,1,0,1,1,0,0,1,11.3,1,0,0,1,3.35,4.517296,0.74,34.1,17.0,25.0,1006.0,0.0
0,1,36.868492,1,1,0,-1,-1,1,0,3,1,1,nonmalignant,0,0,0,0,0,-1,-1,12.1,1,0,1,1,12.2,7.369445,1.66,60.4,14.0,19.0,1754.0,0.0
0,0,29.772602,0,1,0,0,1,1,1,2,0,1,ALL,1,1,1,2,1,2,0,8.5,0,0,0,0,2.68,3.650173,0.73,30.0,14.0,24.0,2354.0,0.0
0,0,28.821918,0,0,0,1,1,1,0,3,1,1,ALL,1,0,1,0,0,-1,-1,15.1,1,0,1,1,1.93,3.280961,0.59,48.8,22.0,107.0,1000.0,0.0
0,1,30.28767,0,1,0,0,0,1,0,1,1,0,ALL,0,0,1,0,0,-1,-1,8.3,0,0,0,1,2.26,5.69203,0.4,38.5,17.0,21.0,942.0,0.0
1,1,33.12055,0,0,0,0,0,0,0,2,0,1,ALL,0,0,1,2,1,1,1,6.9,0,0,1,1,16.65,4.011209,4.15,28.5,14.0,14.0,2926.0,0.0
1,1,39.641094,1,0,0,-1,1,1,1,2,0,1,nonmalignant,0,0,0,1,0,1,0,4.9,0,0,1,1,16.02,1.351711,11.85,7.5,11.0,51.0,1346.0,0.0
1,1,39.632877,1,0,0,1,1,1,0,0,0,0,nonmalignant,0,0,0,2,1,0,2,5.0,0,0,1,1,16.46,1.890822,8.71,19.5,14.0,12.0,1424.0,0.0
0,1,34.169865,0,1,0,1,2,0,1,3,1,1,nonmalignant,0,0,0,0,0,-1,-1,6.5,0,0,1,1,16.2,1.876834,8.63,23.0,21.0,37.0,2036.0,0.0
1,1,31.19452,0,0,0,2,0,1,1,3,1,1,nonmalignant,0,0,0,2,1,1,1,1.8,0,0,1,1,57.78,11.017048,5.24,8.15,13.0,10.0,1958.0,0.0
1,1,30.389042,0,0,0,2,0,0,1,3,1,1,nonmalignant,1,1,0,3,1,1,2,3.4,0,0,1,1,21.74,2.969988,7.32,10.0,12.0,15.0,1791.0,0.0
1,1,24.367123,0,1,0,1,0,1,1,3,1,1,chronic,1,0,1,1,0,1,0,2.3,0,0,0,1,9.17,1.025586,8.94,14.0,17.0,1000000.0,137.0,1.0
0,0,37.28767,1,0,0,-1,0,1,1,3,1,1,nonmalignant,0,0,0,0,0,-1,-1,7.9,0,0,1,?,1.7,12.958576,0.13,37.0,1000000.0,1000000.0,11.0,1.0
0,1,30.2,0,0,0,0,-1,1,1,2,0,1,ALL,0,0,1,0,0,-1,-1,2.8,0,0,1,1,38.32,3.133461,12.23,13.0,11.0,11.0,2279.0,0.0
1,1,35.08767,1,1,0,1,-1,1,1,0,0,0,ALL,1,1,1,1,0,0,1,12.6,1,1,1,1,20.44,5.761517,3.55,51.0,13.0,17.0,261.0,1.0
1,0,29.161644,0,0,1,1,0,1,1,0,0,0,nonmalignant,1,1,0,0,0,-1,-1,4.5,0,0,1,1,6.66,6.739936,0.99,15.0,12.0,79.0,181.0,1.0
1,0,44.4137,1,1,0,-1,1,1,1,1,1,0,ALL,0,0,1,1,0,1,0,15.6,1,0,1,1,0.79,6.157698,0.13,68.0,20.0,32.0,1949.0,0.0
0,0,55.40274,1,0,0,0,-1,1,1,3,1,1,AML,1,1,1,0,0,-1,-1,18.4,1,0,1,?,1.85,14.130301,0.13,47.0,18.0,30.0,19.0,1.0
1,0,43.71507,1,0,0,0,-1,0,1,1,1,0,chronic,0,0,1,0,0,-1,-1,14.0,1,0,1,0,1.99,6.750632,0.29,52.0,18.0,119.0,1838.0,0.0
0,0,45.91507,1,0,0,0,1,1,1,2,0,1,ALL,0,0,1,1,0,1,0,14.2,1,0,1,?,2.34,47.86984,0.05,61.0,16.0,22.0,55.0,1.0
1,1,22.643835,0,1,0,1,0,1,1,2,0,1,chronic,1,0,1,0,0,-1,-1,12.7,1,0,1,1,10.78,3.10536,3.47,54.9,15.0,27.0,224.0,1.0
0,1,47.112328,1,0,0,1,1,1,0,3,1,1,chronic,1,0,1,2,1,1,1,11.5,1,0,1,1,24.34,2.780611,8.75,30.0,15.0,19.0,606.0,1.0
1,1,26.221918,0,1,0,1,1,1,0,2,0,1,nonmalignant,0,0,0,1,0,0,1,3.9,0,0,0,0,24.09,1.498879,16.07,11.9,11.0,12.0,306.0,1.0
1,1,24.476711,0,1,0,0,1,1,1,2,0,1,AML,1,1,1,1,0,0,1,14.8,1,0,1,1,8.91,1.865411,4.78,49.0,14.0,17.0,1728.0,0.0
0,1,35.28767,1,1,0,1,-1,1,1,3,1,1,ALL,0,0,1,0,0,-1,-1,12.2,1,0,1,1,9.89,2.927597,3.38,30.8,15.0,18.0,1587.0,0.0
1,1,31.671232,0,1,0,2,0,1,1,0,0,0,ALL,0,0,1,0,0,-1,-1,11.8,1,0,1,1,10.44,2.449389,4.26,45.5,14.0,32.0,445.0,0.0
0,1,26.731506,0,0,0,0,1,1,1,3,1,1,nonmalignant,0,0,0,0,0,-1,-1,11.3,1,0,1,1,8.82,1.786075,4.94,46.7,17.0,22.0,1243.0,0.0
0,0,39.643837,1,0,0,1,0,1,1,0,0,0,lymphoma,1,0,1,1,0,1,0,13.5,1,0,1,?,3.65,12.479226,0.29,47.0,19.0,27.0,66.0,1.0
0,1,41.542465,1,1,0,2,0,1,1,2,0,1,chronic,0,0,1,0,0,-1,-1,13.5,1,0,1,1,14.12,11.405197,1.24,58.0,14.0,14.0,1937.0,0.0
1,0,42.268494,1,1,1,0,1,1,1,?,0,?,AML,0,0,1,1,0,1,0,17.8,1,0,1,0,1.91,12.36598,0.15,56.5,16.0,47.0,435.0,1.0
0,0,41.443836,1,1,0,1,0,1,1,3,1,1,chronic,1,0,1,1,0,1,0,3.8,0,1,1,1,8.58,11.123182,0.77,16.5,16.0,29.0,102.0,1.0
0,1,29.964384,0,1,0,0,1,1,1,0,0,0,chronic,1,0,1,3,1,0,3,6.5,0,0,0,1,43.96,6.002989,7.32,16.0,11.0,13.0,113.0,1.0
1,0,21.263014,0,0,0,-1,0,1,1,2,0,1,ALL,0,0,1,0,0,-1,-1,7.4,0,0,1,1,3.53,4.184092,0.84,26.5,21.0,170.0,1397.0,0.0
1,1,21.756165,0,1,0,1,-1,0,1,3,1,1,chronic,1,0,1,1,0,1,0,5.5,0,1,1,1,11.68,2.014498,5.8,28.0,22.0,44.0,849.0,1.0
1,1,29.980822,0,1,0,1,-1,0,1,3,1,1,ALL,0,0,1,0,0,-1,-1,9.2,0,1,1,1,11.34,2.098238,5.4,26.0,16.0,17.0,200.0,1.0
1,1,22.11233,0,0,0,1,-1,0,1,2,0,1,lymphoma,0,0,1,0,0,-1,-1,14.6,1,0,1,?,7.91,2.7344615,4.325,37.5,1000000.0,1000000.0,26.0,1.0
1,1,37.0,1,1,0,1,1,1,0,2,0,1,lymphoma,1,1,1,0,0,-1,-1,14.1,1,0,1,?,10.12,2.734269,3.7,44.3,15.0,16.0,60.0,1.0
1,1,33.550686,0,0,0,1,1,1,0,3,1,1,lymphoma,1,0,1,1,0,1,0,12.1,1,1,1,1,9.47,4.420206,2.14,43.0,12.0,20.0,403.0,1.0
0,0,35.63014,1,0,0,1,1,1,0,2,0,1,AML,0,0,1,1,0,1,0,15.5,1,0,1,?,1.9,5.276616,0.36,61.3,18.0,1000000.0,60.0,1.0
0,1,40.052055,1,0,0,1,1,1,0,2,0,1,nonmalignant,0,0,0,0,0,-1,-1,3.9,0,1,1,1,16.0,1.589775,10.06,14.1,12.0,13.0,1018.0,1.0
1,0,33.791782,0,0,1,-1,1,1,1,0,0,0,chronic,0,0,1,0,0,-1,-1,11.2,1,0,1,1,1.38,2.7344615,4.325,34.0,22.0,56.0,2699.0,0.0
1,1,32.372604,0,1,0,1,2,0,1,0,0,0,AML,1,0,1,2,1,2,0,20.2,1,1,1,1,9.11,2.687529,3.39,62.5,16.0,111.0,767.0,0.0
1,1,25.210958,0,1,1,0,1,1,1,2,0,1,ALL,0,0,1,0,0,-1,-1,1.7,0,0,0,1,12.09,1.833687,6.59,11.2,15.0,32.0,580.0,0.0
0,0,28.276712,0,1,0,-1,1,1,1,2,0,1,ALL,0,0,1,1,0,1,0,18.2,1,0,1,1,1.31,14.642869,0.09,72.5,21.0,1000000.0,202.0,1.0
0,1,40.3863,1,1,0,0,-1,0,1,0,0,0,nonmalignant,0,0,0,1,0,1,0,8.2,0,0,1,1,17.45,3.430293,5.09,24.5,20.0,15.0,1195.0,0.0
1,0,21.972603,0,1,1,0,-1,1,1,0,0,0,AML,0,0,1,0,0,-1,-1,15.4,1,0,1,0,1.58,6.34585,0.25,70.0,18.0,29.0,136.0,1.0
0,1,30.835615,0,1,0,0,0,1,0,0,0,0,ALL,0,0,1,1,0,1,0,5.0,0,0,1,0,34.1,2.7344615,4.325,33.0,9.0,10.0,385.0,1.0
0,1,22.408218,0,1,0,0,1,0,1,?,1,?,nonmalignant,0,0,0,0,0,-1,-1,7.6,0,0,0,0,11.65,6.928599,1.68,34.0,15.0,1000000.0,161.0,1.0
0,1,52.47671,1,0,0,2,1,0,1,1,1,0,chronic,1,0,1,1,0,1,0,9.4,0,1,1,1,17.59,2.394072,7.35,22.6,13.0,16.0,824.0,0.0
1,1,21.128767,0,1,1,0,0,1,0,0,0,0,ALL,1,0,1,0,0,-1,-1,14.0,1,0,1,1,5.08,0.709805,7.16,54.1,15.0,17.0,1257.0,0.0
1,1,19.446575,0,0,0,0,1,1,1,1,1,0,chronic,1,0,1,0,0,-1,-1,15.3,1,0,1,1,7.2,1.365785,5.27,51.1,12.0,15.0,1280.0,0.0
1,1,30.156164,0,1,0,1,1,1,0,0,0,0,lymphoma,0,0,1,0,0,-1,-1,7.2,0,1,1,?,17.12,2.337369,7.32,24.3,16.0,21.0,67.0,1.0
1,1,49.20548,1,1,1,0,1,1,1,0,0,0,chronic,1,0,1,2,1,2,0,5.7,0,0,0,0,6.9,1.38917,4.97,23.0,15.0,13.0,191.0,1.0
0,1,41.873974,1,1,0,1,1,1,0,0,0,0,chronic,0,0,1,0,0,-1,-1,6.1,0,0,0,1,17.02,7.305471,2.33,19.0,13.0,11.0,130.0,1.0
1,1,27.676712,0,1,0,0,0,1,0,1,1,0,AML,1,1,1,0,0,-1,-1,11.5,1,0,1,0,14.87,2.552321,5.83,33.0,13.0,26.0,2286.0,0.0
1,1,40.339725,1,0,1,-1,1,1,1,3,1,1,nonmalignant,0,0,0,0,0,-1,-1,3.2,0,0,1,1,21.59,2.722087,7.93,17.2,15.0,17.0,510.0,0.0
0,1,40.183563,1,1,0,0,0,1,0,2,0,1,ALL,1,0,1,1,0,1,0,18.3,1,0,1,?,9.28,2.7344615,4.325,33.0,13.0,27.0,56.0,1.0
0,1,33.91507,0,1,0,1,0,1,1,?,0,?,lymphoma,1,1,1,1,0,1,0,9.5,0,0,1,0,36.34,7.517388,4.83,23.0,14.0,13.0,745.0,1.0
1,1,25.715069,0,1,0,0,0,1,0,0,0,0,chronic,0,0,1,0,0,-1,-1,17.3,1,0,0,0,7.1,2.498917,2.84,73.0,12.0,20.0,534.0,1.0
0,1,28.709589,0,0,0,-1,1,1,1,?,1,1,AML,0,0,1,0,0,-1,-1,3.1,0,0,1,1,2.81,0.204132,13.77,15.3,17.0,189.0,454.0,0.0
0,1,30.59452,0,1,0,0,1,1,1,2,0,1,chronic,0,0,1,2,1,2,0,16.5,1,0,0,1,6.36,2.59522,2.45,55.2,12.0,21.0,68.0,1.0
0,1,35.764385,1,1,0,0,1,1,1,0,0,0,ALL,0,0,1,1,0,1,0,7.7,0,0,1,0,9.38,1.848795,5.07,18.6,17.0,21.0,511.0,0.0
1,1,42.049316,1,0,1,1,0,1,1,0,0,0,AML,1,1,1,2,1,1,1,18.7,1,1,1,1,5.37,1.6173,3.32,52.7,10.0,42.0,274.0,1.0
1,1,39.249313,1,1,0,0,1,1,1,2,0,1,nonmalignant,0,0,0,0,0,-1,-1,5.6,0,0,1,?,18.59,2.929081,6.35,24.3,13.0,12.0,28.0,1.0
1,0,38.827396,1,1,0,1,-1,1,1,2,0,1,ALL,1,0,1,2,1,1,1,7.7,0,0,0,1,1.28,6.537721,0.2,19.5,18.0,91.0,1593.0,0.0
1,1,22.528767,0,1,0,0,1,1,1,0,0,0,chronic,0,0,1,1,0,1,0,9.0,0,0,0,1,11.26,3.787339,2.97,25.2,14.0,14.0,472.0,0.0
0,1,28.268494,0,0,0,0,1,1,1,?,1,?,chronic,1,0,1,1,0,0,1,5.4,0,0,1,1,15.51,1.168705,13.27,19.6,16.0,13.0,1138.0,0.0
1,1,28.723288,0,1,0,1,-1,0,1,1,1,0,chronic,0,0,1,2,1,1,1,7.3,0,0,1,0,20.0,2.491794,8.03,25.0,14.0,14.0,1839.0,0.0
0,1,37.254795,1,0,0,0,0,1,0,1,1,0,chronic,1,0,1,2,1,2,0,17.8,1,0,1,?,7.0,1.483826,4.72,90.0,12.0,30.0,57.0,1.0
0,1,35.79726,1,1,0,0,-1,1,1,0,0,0,nonmalignant,0,0,0,1,0,1,0,8.1,0,0,1,1,17.3,7.805782,2.22,26.9,14.0,21.0,1754.0,0.0
1,1,26.663013,0,1,0,0,-1,1,1,0,0,0,ALL,0,0,1,1,0,1,0,7.1,0,1,1,1,14.74,2.449323,6.02,32.0,13.0,14.0,672.0,1.0
0,0,43.065754,1,0,0,-1,0,1,1,2,0,1,ALL,0,0,1,0,0,-1,-1,6.7,0,0,1,1,4.27,99.56097,0.04,17.6,18.0,24.0,2117.0,0.0
0,1,21.40548,0,1,0,0,1,1,1,3,1,1,chronic,0,0,1,1,0,0,1,12.7,1,0,1,0,7.78,1.744246,4.46,37.0,15.0,13.0,236.0,1.0
0,1,25.284931,0,0,0,1,0,1,1,3,1,1,nonmalignant,0,0,0,0,0,-1,-1,4.5,0,0,1,1,24.7,5.045842,4.9,19.0,14.0,12.0,1679.0,0.0
1,1,33.643837,0,0,0,-1,-1,0,0,0,0,0,ALL,0,0,1,0,0,-1,-1,17.5,1,0,1,1,7.97,1.558548,5.11,65.0,19.0,23.0,718.0,0.0
1,1,33.857533,0,1,0,1,1,1,0,0,0,0,chronic,1,0,1,1,0,1,0,1.3,0,0,0,?,10.75,1.018042,10.56,9.6,17.0,1000000.0,48.0,1.0
0,0,24.284931,0,1,0,0,-1,1,1,0,0,0,chronic,0,0,1,0,0,-1,-1,1.3,0,0,1,1,4.37,4.489022,0.97,10.5,17.0,21.0,2153.0,0.0
1,1,51.99178,1,1,1,1,1,1,0,0,0,0,chronic,0,0,1,0,0,-1,-1,16.7,1,0,0,1,4.44,1.851411,2.4,50.6,13.0,14.0,117.0,1.0
0,1,29.158903,0,1,0,0,1,1,1,0,0,0,chronic,0,0,1,1,0,0,1,15.1,1,0,1,1,7.45,4.2187,1.77,60.0,12.0,13.0,1781.0,0.0
1,1,36.435616,1,0,0,0,2,0,1,2,0,1,ALL,0,0,1,0,0,-1,-1,20.1,1,0,1,0,10.14,5.164562,1.96,54.5,17.0,24.0,290.0,1.0
0,0,37.38082,1,1,0,1,0,1,1,0,0,0,AML,1,1,1,2,1,2,0,17.8,1,0,1,0,10.85,1.070314,10.14,51.3,14.0,15.0,2112.0,0.0
1,1,22.49315,0,0,0,0,1,1,1,2,0,1,ALL,0,0,1,1,0,1,0,2.3,0,0,1,1,20.41,1.283387,15.9,12.0,12.0,12.0,1301.0,0.0
1,1,47.36986,1,1,1,0,1,?,1,3,1,1,ALL,0,0,1,2,1,1,1,11.6,1,1,0,1,6.28,1.082899,5.8,33.0,18.0,30.0,108.0,1.0
1,1,40.317806,1,0,1,0,?,?,?,?,0,?,ALL,1,0,1,0,0,-1,-1,17.7,1,0,1,0,4.49,4.468419,1.0,59.0,18.0,19.0,196.0,1.0
0,1,42.739727,1,1,0,0,1,1,1,1,1,0,ALL,0,0,1,1,0,1,0,7.7,0,0,0,1,15.47,1.346764,11.49,20.8,16.0,18.0,1188.0,0.0
0,1,22.863014,0,0,0,1,0,1,1,2,0,1,nonmalignant,0,0,0,0,0,-1,-1,17.9,1,0,1,?,9.73,2.997231,3.25,42.4,1000000.0,1000000.0,10.0,1.0
0,1,40.91233,1,1,0,1,1,1,0,3,1,1,ALL,0,0,1,1,0,1,0,2.0,0,0,1,0,19.3,1.839537,10.49,12.0,17.0,17.0,1171.0,0.0
1,1,35.627396,1,1,0,1,0,0,1,0,0,0,chronic,0,0,1,1,0,0,1,17.4,1,0,0,1,12.04,3.774746,3.19,65.0,16.0,24.0,2525.0,0.0
1,1,22.430138,0,1,0,0,-1,1,1,3,1,1,AML,1,0,1,0,0,-1,-1,16.0,1,0,1,1,14.66,2.118673,6.92,44.5,11.0,17.0,1025.0,0.0
0,1,34.005478,0,1,0,0,0,1,0,0,0,0,ALL,0,0,1,2,1,1,1,9.0,0,0,1,1,8.34,2.703806,3.08,33.0,18.0,46.0,182.0,1.0
1,0,34.624657,0,0,0,0,-1,1,1,1,1,0,ALL,0,0,1,0,0,-1,-1,14.7,1,1,1,1,2.88,56.065025,0.05,62.0,18.0,51.0,996.0,1.0
1,1,46.00274,1,0,0,-1,0,1,1,?,1,?,lymphoma,1,0,1,2,1,2,0,18.8,1,0,1,?,1.64,9.456741,0.17,103.4,1000000.0,1000000.0,15.0,1.0
1,0,38.2,1,1,0,0,1,1,1,0,0,0,chronic,1,0,1,1,0,0,1,16.0,1,0,0,?,5.25,19.210978,0.27,71.0,14.0,30.0,48.0,1.0
1,1,51.005478,1,0,0,-1,-1,1,0,2,0,1,ALL,0,0,1,0,0,-1,-1,18.9,1,0,1,?,4.77,1.038752,4.59,70.0,13.0,1000000.0,41.0,1.0
0,0,36.78904,1,1,0,0,0,1,0,2,0,1,ALL,0,0,1,0,0,-1,-1,16.6,1,0,0,?,3.5,7.423372,0.47,58.9,19.0,1000000.0,42.0,1.0
0,1,43.745205,1,1,0,0,0,1,0,2,0,1,AML,1,0,1,2,1,1,1,3.3,0,0,0,1,44.0,3.597279,12.23,13.0,11.0,12.0,2337.0,0.0
0,1,43.126026,1,0,0,0,-1,1,1,1,1,0,ALL,0,0,1,1,0,1,0,5.2,0,0,1,1,6.78,0.799458,8.48,20.9,16.0,21.0,1385.0,0.0
1,1,46.545204,1,0,1,0,-1,0,1,0,0,0,ALL,0,0,1,1,0,1,0,6.0,0,0,1,1,17.61,2.818993,6.25,17.3,16.0,33.0,766.0,0.0
1,0,30.279451,0,0,0,1,0,0,1,2,0,1,chronic,0,0,1,1,0,1,0,3.4,0,1,1,1,10.96,10.611083,1.03,14.8,15.0,19.0,2932.0,0.0
0,1,39.627396,1,0,0,-1,1,1,1,2,0,1,AML,1,0,1,2,1,1,1,17.0,1,0,1,1,12.36,6.258729,1.97,62.0,17.0,14.0,2761.0,0.0
1,1,20.394522,0,1,1,-1,1,1,1,2,0,1,ALL,1,0,1,1,0,1,0,6.8,0,0,0,0,9.72,1.543305,6.3,23.0,12.0,18.0,214.0,1.0
0,1,25.772602,0,0,0,1,1,1,0,?,0,?,AML,0,0,1,0,0,-1,-1,18.2,1,0,1,1,6.55,3.065758,2.14,54.6,15.0,32.0,494.0,0.0
1,1,40.39178,1,0,1,0,1,1,1,3,1,1,chronic,1,0,1,1,0,1,0,13.7,1,0,1,1,2.25,0.455355,4.94,35.5,17.0,29.0,754.0,0.0
1,1,39.0,1,0,0,2,0,1,1,?,?,?,ALL,1,1,1,0,0,-1,-1,5.1,0,0,1,?,48.63,3.737477,13.01,17.5,10.0,9.0,59.0,1.0
1,0,23.09589,0,0,1,2,1,1,1,?,0,?,chronic,1,0,1,0,0,-1,-1,18.3,1,1,1,?,1.88,7.910679,0.24,62.0,23.0,1000000.0,64.0,1.0
1,1,43.30411,1,1,0,1,1,1,0,2,0,1,ALL,0,0,1,0,0,-1,-1,14.0,1,0,0,1,9.86,3.465003,2.85,58.0,17.0,24.0,1214.0,0.0
0,1,19.663013,0,1,0,0,2,1,1,3,1,1,chronic,0,0,1,0,0,-1,-1,13.0,1,0,1,0,6.62,2.40947,2.75,43.0,16.0,21.0,1895.0,0.0
1,1,35.430138,1,1,1,1,-1,1,1,2,0,1,ALL,0,0,1,1,0,1,0,13.5,1,0,0,?,8.63,1.2068,7.15,65.0,14.0,18.0,90.0,1.0
0,0,25.50685,0,1,0,-1,-1,1,0,2,0,1,ALL,0,0,1,1,0,1,0,12.2,1,0,1,1,3.53,7.243234,0.49,44.1,18.0,37.0,246.0,1.0
1,1,29.619179,0,0,0,-1,-1,1,0,2,0,1,ALL,0,0,1,0,0,-1,-1,10.0,0,0,1,1,9.37,2.496128,3.75,55.0,16.0,74.0,2317.0,0.0
1,1,45.136986,1,1,0,0,-1,1,1,2,0,1,AML,1,0,1,2,1,1,1,15.5,1,0,1,1,1.22,0.843646,1.45,71.0,14.0,25.0,2461.0,0.0
1,1,19.50685,0,1,0,1,1,1,0,2,0,1,AML,1,1,1,1,0,0,1,12.9,1,1,1,1,4.22,2.965539,1.42,40.3,17.0,20.0,413.0,1.0
1,1,40.419178,1,1,0,1,1,0,0,3,1,1,chronic,0,0,1,1,0,1,0,3.0,0,0,0,1,39.07,6.081859,6.42,13.0,11.0,12.0,1741.0,0.0
0,0,30.972603,0,0,0,2,1,1,1,2,0,1,chronic,0,0,1,0,0,-1,-1,11.5,1,0,1,1,3.16,12.984467,0.24,36.0,15.0,27.0,3364.0,0.0
1,1,29.306849,0,1,0,1,1,1,0,2,0,1,AML,0,0,1,0,0,-1,-1,14.1,1,0,1,0,5.01,2.446267,2.05,49.0,13.0,16.0,353.0,1.0
1,1,30.421919,0,1,1,0,2,0,1,2,0,1,ALL,0,0,1,1,0,1,0,8.5,0,1,0,1,12.52,1.350554,9.27,24.0,14.0,33.0,1074.0,0.0
1,1,24.575342,0,0,0,-1,1,1,1,2,0,1,ALL,0,0,1,3,1,1,2,5.0,0,1,1,1,10.0,2.443228,4.09,25.4,12.0,14.0,1692.0,0.0
1,1,41.627396,1,0,0,-1,-1,1,0,2,0,1,ALL,1,1,1,0,0,-1,-1,13.4,1,0,1,1,8.98,1.181537,7.6,38.4,16.0,1000000.0,174.0,1.0
1,1,23.578081,0,1,0,-1,-1,1,1,1,1,0,ALL,0,0,1,0,0,-1,-1,6.4,0,0,1,1,12.17,1.854875,6.56,18.3,15.0,20.0,433.0,0.0
0,0,29.126026,0,0,0,-1,1,1,1,3,1,1,ALL,1,0,1,1,0,0,1,4.2,0,1,1,1,4.54,12.272474,0.37,18.0,15.0,28.0,421.0,1.0
1,1,22.257534,0,1,0,0,-1,1,1,2,0,1,nonmalignant,1,1,0,0,0,-1,-1,4.4,0,0,0,1,21.99,1.878043,11.71,16.0,16.0,21.0,1308.0,0.0
1,1,18.646576,0,1,0,1,-1,1,1,3,1,1,ALL,0,0,1,1,0,1,0,9.6,0,0,1,1,12.03,3.120205,3.86,36.0,13.0,15.0,2483.0,0.0
0,1,24.180822,0,0,0,2,-1,1,1,2,0,1,AML,0,0,1,0,0,-1,-1,12.5,1,0,1,1,3.28,0.309048,10.61,35.9,15.0,24.0,1297.0,0.0
0,1,35.89041,1,1,0,0,1,1,1,3,1,1,AML,1,1,1,0,0,-1,-1,9.7,0,1,1,0,10.89,2.241175,4.86,44.3,13.0,21.0,397.0,1.0
1,1,29.928766,0,1,1,1,0,0,1,0,0,0,AML,0,0,1,2,1,1,1,11.2,1,0,1,1,15.12,2.929514,5.16,30.5,13.0,16.0,458.0,0.0
0,1,35.443836,1,1,0,1,2,1,1,1,1,0,ALL,1,0,1,1,0,1,0,3.6,0,1,1,1,32.73,4.061324,8.06,17.0,14.0,16.0,147.0,1.0
0,1,28.073973,0,1,0,2,1,1,1,0,0,0,AML,1,0,1,2,1,1,1,2.9,0,0,0,?,10.38,2.069057,5.02,11.2,13.0,27.0,31.0,1.0
1,1,41.47671,1,0,1,-1,2,1,1,1,1,0,AML,1,1,1,0,0,-1,-1,17.8,1,1,1,1,6.87,1.214932,5.65,50.8,21.0,25.0,1243.0,1.0
1,1,40.947945,1,0,1,1,-1,1,1,1,1,0,ALL,0,0,1,1,0,1,0,16.1,1,0,1,1,11.283,4.094514,2.76,57.0,15.0,21.0,2208.0,0.0
0,1,36.69041,1,1,0,1,-1,1,1,2,0,1,ALL,0,0,1,1,0,1,0,3.4,0,0,1,1,7.47,0.843967,8.85,24.0,15.0,247.0,2373.0,0.0
1,1,42.41644,1,1,1,0,2,1,1,0,0,0,nonmalignant,0,0,0,0,0,-1,-1,4.3,0,0,1,1,36.65,1.830242,20.02,14.0,18.0,20.0,1185.0,0.0
0,1,34.16712,0,1,0,0,-1,1,1,2,0,1,ALL,0,0,1,1,0,0,1,12.7,1,0,1,1,11.45,1.671314,6.85,49.0,13.0,14.0,1985.0,0.0
1,1,37.060272,1,1,0,1,1,0,0,2,0,1,AML,1,0,1,1,0,0,1,8.8,0,0,1,1,14.43,2.205359,6.54,24.0,12.0,19.0,1873.0,0.0
1,0,30.024658,0,1,1,1,2,0,1,0,0,0,ALL,0,0,1,1,0,1,0,7.5,0,0,1,1,8.11,16.32616,0.5,28.0,16.0,100.0,1627.0,0.0
1,1,30.854795,0,1,1,1,-1,1,1,1,1,0,ALL,0,0,1,2,1,0,2,4.8,0,0,1,?,7.87,1.007599,7.81,25.0,13.0,23.0,41.0,1.0
1,1,37.632877,1,0,0,0,1,1,1,3,1,1,AML,1,0,1,0,0,-1,-1,8.8,0,0,1,?,12.58,2.426122,5.19,33.0,1000000.0,1000000.0,6.0,1.0
1,1,37.57534,1,1,0,1,1,0,0,3,1,1,lymphoma,1,1,1,0,0,-1,-1,12.9,1,1,0,1,11.08,2.52275,4.39,44.0,15.0,22.0,385.0,1.0
0,1,22.89589,0,0,0,1,0,1,1,2,0,1,AML,1,0,1,0,0,-1,-1,13.9,1,0,1,1,4.64,1.038858,4.47,44.5,12.0,30.0,634.0,1.0
0,1,27.347944,0,1,0,1,-1,1,1,3,1,1,nonmalignant,0,0,0,0,0,-1,-1,10.4,1,0,1,1,7.73,1.635559,4.73,33.0,16.0,16.0,1895.0,0.0
1,1,27.780823,0,1,0,1,0,1,1,0,0,0,chronic,0,0,1,1,0,1,0,8.0,0,0,0,0,15.41,8.07777,1.91,24.0,13.0,14.0,382.0,1.0
1,1,55.553425,1,1,0,1,2,1,1,1,1,0,nonmalignant,1,1,0,0,0,?,?,9.5,0,0,1,1,9.91,0.948135,10.45,37.0,18.0,20.0,1109.0,0.0
